"id","nome","grupo","composto","academia","tecnica_padrao","fonte","tipo_link_atual","link_atual","link_correto","ok","titulo_video","confianca"
"supino-inclinado-halter","Supino Inclinado com Halteres","peito","sim","ambos","excentrica-lenta","MusclePUMP Peito.md","busca","https://www.youtube.com/@laerciorefundini/search?query=supino%20inclinado%20halteres","https://www.youtube.com/watch?v=Ky_JXqloq0w","","Como Fazer o SUPINO INCLINADO COM HALTERES do Jeito Certo!","alta"
"supino-reto-halter","Supino Reto com Halteres","peito","sim","ambos","rest-pause","Treino Peito Monstro.md","busca","https://www.youtube.com/@laerciorefundini/search?query=supino%20reto%20halteres","https://www.youtube.com/watch?v=7f3y45hClCc","","6 Erros no DUMBBELL PRESS que Impedem Seu Peitoral de Crescer","alta"
"supino-maquina","Supino Máquina","peito","sim","moderna","rest-pause","MusclePUMP Peito.md","busca","https://www.youtube.com/@laerciorefundini/search?query=supino%20m%C3%A1quina%20peito","https://www.youtube.com/watch?v=a56lnqizt-A","","5 ERROS que você precisa PARAR DE FAZER NO SUPINO MÁQUINA","alta"
"crucifixo-inclinado","Crucifixo Inclinado com Halteres","peito","nao","ambos","isometria","peito-estufado-parte1.md","busca","https://www.youtube.com/@laerciorefundini/search?query=crucifixo%20inclinado%20halteres%20peito","","","","sem-video"
"cross-over","Cross Over (Polia Alta)","peito","nao","moderna","drop-set","MusclePUMP Peito.md","busca","https://www.youtube.com/@laerciorefundini/search?query=cross%20over%20polia%20peito","https://www.youtube.com/watch?v=tkT1yowN8oI","","Como Fazer o CROSS OVER | 5 Erros FATAIS Que Não Deixam Seu Peito Crescer!","alta"
"peck-deck","Peck Deck (Voador)","peito","nao","moderna","parciais","peito-estufado-parte2.md","busca","https://www.youtube.com/@laerciorefundini/search?query=peck%20deck%20voador%20peito","https://www.youtube.com/watch?v=vpHr5eIvEUE","","Como Fazer PECK DECK Corretamente Para MAXIMIZAR o Ganho De Peitoral","alta"
"supino-declinado-halter","Supino Declinado com Halteres","peito","sim","ambos","excentrica-lenta","Treino Peito Monstro.md","busca","https://www.youtube.com/@laerciorefundini/search?query=supino%20declinado%20halteres","","","","sem-video"
"crucifixo-reto-halter","Crucifixo Reto com Halteres","peito","nao","ambos","drop-set","Treino Peito Monstro.md","busca","https://www.youtube.com/@laerciorefundini/search?query=crucifixo%20halter%20banco%20plano","","","","sem-video"
"puxada-frente","Puxada Frente (Pulley)","costas","sim","moderna","rest-pause","MusclePUMP Costas.md","busca","https://www.youtube.com/@laerciorefundini/search?query=puxada%20frente%20pulley%20costas","https://www.youtube.com/watch?v=QTQABcLosXk","","5 Erros Que Todo Mundo Faz no PULLDOWN (Cresça Sua Dorsal)","alta"
"remada-unilateral","Remada Unilateral com Halter","costas","sim","ambos","isometria","Treino Dorsal Animal.md","busca","https://www.youtube.com/@laerciorefundini/search?query=remada%20unilateral%20halter","https://www.youtube.com/watch?v=zBPVq78VHV8","","Remada Unilateral: VOCÊ FAZ ESSE EXERCÍCIO ERRADO!","alta"
"remada-curvada-halter","Remada Curvada com Halteres","costas","sim","ambos","rest-pause","MusclePUMP Costas.md","busca","https://www.youtube.com/@laerciorefundini/search?query=remada%20curvada%20halteres","https://www.youtube.com/watch?v=HpvaOR4H5Hg","","NUNCA MAIS ERRE A REMADA CURVADA!","alta"
"remada-baixa","Remada Baixa Triângulo","costas","sim","moderna","drop-set","MusclePUMP Costas.md","busca","https://www.youtube.com/@laerciorefundini/search?query=remada%20baixa%20triangulo%20pulley","https://www.youtube.com/watch?v=mUgFn3aMAP4","","Como Fazer a REMADA BAIXA (Passo a Passo)","alta"
"remada-maquina","Remada Máquina","costas","sim","moderna","drop-set","MusclePUMP Costas.md","busca","https://www.youtube.com/@laerciorefundini/search?query=remada%20m%C3%A1quina%20costas","https://www.youtube.com/watch?v=OxemwyX7zPQ","","Os 4 ERROS na REMADA MÁQUINA + 1 Dica de Mestre Para CRESCER DORSAL","alta"
"pull-over-halter","Pull-Over com Halter","costas","nao","ambos","parciais","MusclePUMP Costas.md","busca","https://www.youtube.com/@laerciorefundini/search?query=pull%20over%20halter%20dorsal","https://www.youtube.com/watch?v=q_Qs9fdwscs","","Como Fazer Pullover (Tudo Que Você Precisa Saber)","alta"
"levantamento-terra-halter","Levantamento Terra com Halteres","costas","sim","ambos","excentrica-lenta","Treino Dorsal Animal.md","busca","https://www.youtube.com/@laerciorefundini/search?query=levantamento%20terra%20halteres","https://www.youtube.com/watch?v=uNrYJc7lD_A","","Pare de Fazer LEVANTAMENTO TERRA Assim! 7 Erros que Você Comete","alta"
"puxada-pegada-fechada","Puxada Pegada Fechada","costas","sim","moderna","rest-pause","MusclePUMP Costas.md","busca","https://www.youtube.com/@laerciorefundini/search?query=puxada%20pegada%20fechada%20costas","https://www.youtube.com/watch?v=QTQABcLosXk","","5 Erros Que Todo Mundo Faz no PULLDOWN (Cresça Sua Dorsal)","media"
"remada-halter-banco","Remada Halter Apoiado","costas","sim","ambos","excentrica-lenta","MusclePUMP Costas.md","busca","https://www.youtube.com/@laerciorefundini/search?query=remada%20apoiado%20halteres%20dorsal","https://www.youtube.com/watch?v=DDfGOYazBAA","","Como Fazer a REMADA SERROTE Com Halteres (GUIA COMPLETO)","alta"
"desenvolvimento-halter","Desenvolvimento com Halteres","ombro","sim","ambos","rest-pause","MusclePump Ombro.md","busca","https://www.youtube.com/@laerciorefundini/search?query=desenvolvimento%20halteres%20ombro","https://www.youtube.com/watch?v=rH-ns_GJM3U","","Maximize Os Ganhos de OMBRO Com o Desenvolvimento Com Halteres","alta"
"elevacao-lateral","Elevação Lateral com Halteres","ombro","nao","ambos","parciais","MusclePump Ombro.md","busca","https://www.youtube.com/@laerciorefundini/search?query=eleva%C3%A7%C3%A3o%20lateral%20halteres%20ombro","https://www.youtube.com/watch?v=c7zMmbWkUPw","","Como Fazer ELEVAÇÃO LATERAL! O Melhor Exercício Para OMBRO","alta"
"elevacao-frontal-halter","Elevação Frontal com Halter","ombro","nao","ambos","isometria","Treino Ombro Capacete.md","busca","https://www.youtube.com/@laerciorefundini/search?query=eleva%C3%A7%C3%A3o%20frontal%20halter%20ombro","https://www.youtube.com/watch?v=kKjjeiXL960","","Como Fazer ELEVAÇÃO FRONTAL Com Halteres (GUIA COMPLETO)","alta"
"crucifixo-invertido-halter","Crucifixo Invertido com Halteres","ombro","nao","ambos","isometria","MusclePump Ombro.md","busca","https://www.youtube.com/@laerciorefundini/search?query=crucifixo%20invertido%20halter%20ombro%20posterior","https://www.youtube.com/watch?v=G3DXKpk5AJA","","Como Fazer o CRUCIFIXO INVERTIDO Para Crescer o Posterior Do Ombro","alta"
"arnold-press","Arnold Press","ombro","sim","ambos","excentrica-lenta","MusclePump Ombro.md","busca","https://www.youtube.com/@laerciorefundini/search?query=arnold%20press%20halteres%20ombro","https://www.youtube.com/watch?v=IIdj90AJArU","","Como fazer O DESENVOLVIMENTO ARNOLD! ""O MELHOR EXERCÍCIO PARA OMBRO""","alta"
"remada-alta-halter","Remada Alta com Halteres","ombro","sim","ambos","rest-pause","Treino Ombro Capacete.md","busca","https://www.youtube.com/@laerciorefundini/search?query=remada%20alta%20halteres%20ombro","https://www.youtube.com/watch?v=BIs9i-qNGU0","","REMADA ALTA. FAZER OU NÃO FAZER?","media"
"elevacao-lateral-cabo","Elevação Lateral no Cabo","ombro","nao","moderna","drop-set","Treino Ombro Capacete.md","busca","https://www.youtube.com/@laerciorefundini/search?query=eleva%C3%A7%C3%A3o%20lateral%20cabo%20ombro","https://www.youtube.com/watch?v=wGsKrK0bhps","","Como Ter OMBROS LARGOS Com a ELEVAÇÃO LATERAL NO CABO!","alta"
"desenvolvimento-maquina","Desenvolvimento Máquina","ombro","sim","moderna","drop-set","Treino Ombro Capacete.md","busca","https://www.youtube.com/@laerciorefundini/search?query=desenvolvimento%20m%C3%A1quina%20ombro","https://www.youtube.com/watch?v=66ApmhLk6-k","","COMO FAZER O DESENVOLVIMENTO COM BARRA | DESENVOLVIMENTO OMBRO","media"
"rosca-alternada","Rosca Alternada com Halteres","biceps","nao","ambos","excentrica-lenta","Meu Braço Grande - Semana 1 , 2 e 3.md","busca","https://www.youtube.com/@laerciorefundini/search?query=rosca%20alternada%20halteres%20biceps","https://www.youtube.com/watch?v=PsHVWZPA4eY","","QUAL A DIFERENÇA: ROSCA SIMULTÂNEA OU ALTERNADA?","alta"
"rosca-martelo","Rosca Martelo","biceps","nao","ambos","drop-set","MusclePump Biceps.md","busca","https://www.youtube.com/@laerciorefundini/search?query=rosca%20martelo%20halter%20biceps","https://www.youtube.com/watch?v=6GClLap3WCA","","Como Fazer ROSCA MARTELO Perfeita | Guia Para Iniciantes","alta"
"rosca-scott-halter","Rosca Scott com Halteres","biceps","nao","ambos","parciais","Treino Braço Giga.md","busca","https://www.youtube.com/@laerciorefundini/search?query=rosca%20scott%20halteres%20biceps","https://www.youtube.com/watch?v=Drr7NpnjssA","","Como Fazer ROSCA SCOTT | 5 Erros Na Rosca Scott Que Impedem Seu Bíceps de Crescer!","alta"
"rosca-concentrada","Rosca Concentrada","biceps","nao","ambos","isometria","Meu Braço Grande - Semana 4, 5 e 6..md","busca","https://www.youtube.com/@laerciorefundini/search?query=rosca%20concentrada%20halter%20biceps","https://www.youtube.com/watch?v=c8-I4M1t5To","","O Exercício SECRETO do ARNOLD para BÍCEPS : ROSCA CONCENTRADA","alta"
"rosca-cabo","Rosca no Cabo (Barra reta)","biceps","nao","moderna","drop-set","MusclePump Biceps.md","busca","https://www.youtube.com/@laerciorefundini/search?query=rosca%20cabo%20biceps","https://www.youtube.com/watch?v=S0FvPUzOceY","","ROSCA DIRETA NA POLIA BAIXA | Aprenda o Exercício do CBUM","alta"
"rosca-direta-halter","Rosca Direta com Halteres","biceps","nao","ambos","rest-pause","MusclePump Biceps.md","busca","https://www.youtube.com/@laerciorefundini/search?query=rosca%20direta%20halteres%20biceps","https://www.youtube.com/watch?v=k-2kpJKKSGQ","","Pare de Fazer Rosca Direta Com Halteres Desse Jeito!","alta"
"triceps-pulley","Tríceps na Polia (Corda)","triceps","nao","moderna","drop-set","MusclePUMP Tríceps.md","busca","https://www.youtube.com/@laerciorefundini/search?query=triceps%20pulley%20corda","https://www.youtube.com/watch?v=btj6dDfAQ2w","","4 DICAS Para Construir Tríceps ENORMES com o TRÍCEPS CORDA","alta"
"triceps-frances-halter","Tríceps Francês com Halter","triceps","nao","ambos","excentrica-lenta","Treino Braço Giga.md","busca","https://www.youtube.com/@laerciorefundini/search?query=triceps%20franc%C3%AAs%20halter","https://www.youtube.com/watch?v=xi2B_NRbqQo","","Nunca Mais Erre Isso no TRÍCEPS FRANCÊS","alta"
"triceps-coice-halter","Tríceps Coice com Halter","triceps","nao","ambos","isometria","MusclePUMP Tríceps.md","busca","https://www.youtube.com/@laerciorefundini/search?query=triceps%20coice%20halter","https://www.youtube.com/watch?v=9fDLbeoMyK0","","ERROS E DICAS NO TRÍCEPS COICE. APRENDA COMO EXECUTAR CORRETAMENTE","alta"
"mergulho-paralelas","Mergulho nas Paralelas","triceps","sim","ambos","rest-pause","MusclePUMP Tríceps.md","busca","https://www.youtube.com/@laerciorefundini/search?query=mergulho%20paralelas%20tr%C3%ADceps","","","","sem-video"
"triceps-testa-halter","Tríceps Testa com Halteres","triceps","nao","ambos","rest-pause","MusclePUMP Tríceps.md","busca","https://www.youtube.com/@laerciorefundini/search?query=triceps%20testa%20halter","https://www.youtube.com/watch?v=mvGvq25L2EM","","5 Erros no TRÍCEPS TESTA Que Podem Te MACHUCAR!","alta"
"triceps-banco","Tríceps no Banco","triceps","sim","ambos","parciais","MusclePUMP Tríceps.md","busca","https://www.youtube.com/@laerciorefundini/search?query=tr%C3%ADceps%20banco%20fundos","https://www.youtube.com/watch?v=UGxwkr52YLM","","COMO FAZER O TRÍCEPS BANCO - ERROS + INTENSIDADE","alta"
"agachamento-halter","Agachamento com Halteres","quadriceps","sim","ambos","rest-pause","MusclePUMP Quadríceps.md","busca","https://www.youtube.com/@laerciorefundini/search?query=agachamento%20halteres%20pernas","https://www.youtube.com/watch?v=vPCsDfkMa3o","","3 Passos Para Fazer o Agachamento Livre PERFEITO (O Guia Mais Completo)","alta"
"leg-press-45","Leg Press 45°","quadriceps","sim","moderna","drop-set","MusclePUMP Quadríceps.md","busca","https://www.youtube.com/@laerciorefundini/search?query=leg%20press%2045%20quadriceps","https://www.youtube.com/watch?v=adPY6cd4h58","","Como Fazer o LEG PRESS 45º | Tudo Que Você Precisa Saber","alta"
"hack-machine","Hack Machine","quadriceps","sim","moderna","rest-pause","Treino Pernas Refundini.md","busca","https://www.youtube.com/@laerciorefundini/search?query=hack%20machine%20quadriceps","https://www.youtube.com/watch?v=hzvwXKUDWIc","","Como Fazer o AGACHAMENTO HACK","alta"
"cadeira-extensora","Cadeira Extensora","quadriceps","nao","moderna","drop-set","MusclePUMP Quadríceps.md","busca","https://www.youtube.com/@laerciorefundini/search?query=cadeira%20extensora%20quadriceps","https://www.youtube.com/watch?v=I_uBK4DDflU","","Como fazer CADEIRA EXTENSORA Para Ativar ao MÁXIMO Sua Coxa","alta"
"afundo-halter","Afundo (Lunge) com Halteres","quadriceps","sim","ambos","isometria","Treino Pernas Refundini.md","busca","https://www.youtube.com/@laerciorefundini/search?query=afundo%20lunge%20halteres","https://www.youtube.com/watch?v=r04UVVW4X2k","","COMO FAZER AFUNDO PARA ACABAR COM A COXA FINA","alta"
"agachamento-bulgaro-halter","Agachamento Búlgaro com Halteres","quadriceps","sim","ambos","excentrica-lenta","Treino Pernas Refundini.md","busca","https://www.youtube.com/@laerciorefundini/search?query=agachamento%20b%C3%BAlgaro%20halteres","https://www.youtube.com/watch?v=hY1mAqbXhvQ","","Esse Exercício Não Pode Faltar no Seu Treino de Perna | Agachamento Bulgaro","alta"
"agachamento-sumô-halter","Agachamento Sumô com Halter","quadriceps","sim","ambos","rest-pause","Treino Pernas Refundini - Bunda Dura.md","busca","https://www.youtube.com/@laerciorefundini/search?query=agachamento%20sum%C3%B4%20halter","https://www.youtube.com/watch?v=hOhbaafYnr0","","Como Fazer o AGACHAMENTO SUMÔ (TUDO QUE VOCÊ PRECISA SABER)","alta"
"passada-halter","Passada Caminhando com Halteres","quadriceps","sim","ambos","drop-set","Treino Pernas Refundini.md","busca","https://www.youtube.com/@laerciorefundini/search?query=passada%20caminhando%20halteres%20pernas","https://www.youtube.com/watch?v=s9p1uOmDv-M","","Diferenças entre Avanço e Afundo - PERNAS","media"
"stiff-halter","Stiff com Halteres","posterior","sim","ambos","excentrica-lenta","MusclePUMP Posterior de Coxa.md","busca","https://www.youtube.com/@laerciorefundini/search?query=stiff%20halteres%20posterior","https://www.youtube.com/watch?v=_6ElJLyBXcE","","COMO FAZER STIFF | 6 Erros No STIFF Que Jogam Seu Treino No Lixo","alta"
"mesa-flexora","Mesa Flexora","posterior","nao","moderna","drop-set","MusclePUMP Posterior de Coxa.md","busca","https://www.youtube.com/@laerciorefundini/search?query=mesa%20flexora%20posterior%20coxa","https://www.youtube.com/watch?v=KIoiwCfcTXM","","Como Fazer MESA FLEXORA Como Um Profissional!","alta"
"cadeira-flexora","Cadeira Flexora","posterior","nao","moderna","rest-pause","MusclePUMP Posterior de Coxa.md","busca","https://www.youtube.com/@laerciorefundini/search?query=cadeira%20flexora%20posterior","https://www.youtube.com/watch?v=RYCqCZhHh74","","Como Fazer a CADEIRA FLEXORA (Como MAXIMIZAR e Ter MAIS RESULTADO)","alta"
"levantamento-romeno-halter","Levantamento Romeno (RDL) com Halteres","posterior","sim","ambos","excentrica-lenta","Treino Pernas Refundini.md","busca","https://www.youtube.com/@laerciorefundini/search?query=levantamento%20romeno%20halteres%20RDL","https://www.youtube.com/watch?v=CcZRgMzzIO0","","Aprenda TUDO sobre o STIFF e como INTENSIFICAR o exercício","media"
"good-morning-halter","Good Morning com Halteres","posterior","sim","ambos","isometria","MusclePUMP Posterior de Coxa.md","busca","https://www.youtube.com/@laerciorefundini/search?query=good%20morning%20halteres%20posterior","","","","sem-video"
"flexora-unilateral","Flexora Unilateral em Pé","posterior","nao","moderna","parciais","MusclePUMP Posterior de Coxa.md","busca","https://www.youtube.com/@laerciorefundini/search?query=flexora%20unilateral%20posterior","","","","sem-video"
"hip-thrust-halter","Hip Thrust com Halter","gluteo","sim","ambos","isometria","Treino Bunda Dura.md","busca","https://www.youtube.com/@laerciorefundini/search?query=hip%20thrust%20gl%C3%BAteo","https://www.youtube.com/watch?v=DfoqpAwabWY","","Os 2 ÚNICOS Exercícios para Glúteos Fortes e Redondos","media"
"elevacao-pelvica","Elevação Pélvica no Chão","gluteo","sim","ambos","rest-pause","Treino Bunda Dura.md","busca","https://www.youtube.com/@laerciorefundini/search?query=eleva%C3%A7%C3%A3o%20p%C3%A9lvica%20gl%C3%BAteo","https://www.youtube.com/watch?v=DfoqpAwabWY","","Os 2 ÚNICOS Exercícios para Glúteos Fortes e Redondos","media"
"coice-quadrupede","Coice Quadrúpede com Halter","gluteo","nao","ambos","drop-set","Treino Bunda Dura.md","busca","https://www.youtube.com/@laerciorefundini/search?query=coice%20quadrupede%20gl%C3%BAteo%20halter","","","","sem-video"
"abducao-maquina","Abdução na Máquina","gluteo","nao","moderna","drop-set","Treino Bunda Dura.md","busca","https://www.youtube.com/@laerciorefundini/search?query=abdu%C3%A7%C3%A3o%20m%C3%A1quina%20gl%C3%BAteo%20m%C3%A9dio","https://www.youtube.com/watch?v=SNu9SM_j3b4","","APRENDA A DIFERENÇA ENTRE CADEIRA ADUTORA e CADEIRA ABDUTORA","alta"
"agachamento-bulgaro-gluteo","Agachamento Búlgaro (foco glúteo)","gluteo","sim","ambos","isometria","Treino Pernas Refundini - Bunda Dura.md","busca","https://www.youtube.com/@laerciorefundini/search?query=agachamento%20b%C3%BAlgaro%20gl%C3%BAteo","https://www.youtube.com/watch?v=hY1mAqbXhvQ","","Esse Exercício Não Pode Faltar no Seu Treino de Perna | Agachamento Bulgaro","alta"
"abducao-deitar","Abdução Deitada com Elástico","gluteo","nao","ambos","parciais","Treino Bunda Dura.md","busca","https://www.youtube.com/@laerciorefundini/search?query=abdu%C3%A7%C3%A3o%20deitada%20el%C3%A1stico%20gl%C3%BAteo","","","","sem-video"
"panturrilha-em-pe-halter","Panturrilha em Pé com Halteres","panturrilha","nao","ambos","isometria","MusclePUMP Panturrilha.md","busca","https://www.youtube.com/@laerciorefundini/search?query=panturrilha%20p%C3%A9%20halteres","https://www.youtube.com/watch?v=ptRbM_oDLfY","","Force suas Panturrilhas a CRESCEREM trocando a POSIÇÃO DOS PÉS","alta"
"panturrilha-sentado","Panturrilha Sentado","panturrilha","nao","moderna","rest-pause","MusclePUMP Panturrilha.md","busca","https://www.youtube.com/@laerciorefundini/search?query=panturrilha%20sentado%20s%C3%B3leo","https://www.youtube.com/watch?v=N_bpzfkp0mg","","5 ERROS Comuns Ao Fazer PANTURRILHA SENTADO NA MÁQUINA","alta"
"panturrilha-leg-press","Panturrilha no Leg Press","panturrilha","nao","moderna","drop-set","Treino Panturrilha Diamante .md","busca","https://www.youtube.com/@laerciorefundini/search?query=panturrilha%20leg%20press","https://www.youtube.com/watch?v=xIq9K_oeTK4","","Treino de PANTURRILHA Completo (Baseado Na Ciência)","media"
"panturrilha-unilateral","Panturrilha Unilateral com Halter","panturrilha","nao","ambos","parciais","Treino Panturrilha Diamante .md","busca","https://www.youtube.com/@laerciorefundini/search?query=panturrilha%20unilateral%20halter","https://www.youtube.com/watch?v=xIq9K_oeTK4","","Treino de PANTURRILHA Completo (Baseado Na Ciência)","media"
"prancha","Prancha Isométrica","core","sim","ambos","isometria","Treino Abdomem Empedrado.md","busca","https://www.youtube.com/@laerciorefundini/search?query=prancha%20isom%C3%A9trica%20abd%C3%B4men","https://www.youtube.com/watch?v=Wk5paY5G_Qg","","Como Fazer a PRANCHA ABDOMINAL Para Definir o ABDOMEN (EM CASA)","alta"
"abdominal-supra","Abdominal Supra","core","nao","ambos","rest-pause","Treino Abdomem Empedrado.md","busca","https://www.youtube.com/@laerciorefundini/search?query=abdominal%20supra%20crunch","https://www.youtube.com/watch?v=_Zeku5F7IX8","","Como Fazer Abdominal EM CASA Para Definir o Abdômen! (GUIA MAIS DETALHADO)","alta"
"abdominal-infra","Elevação de Quadril","core","nao","ambos","rest-pause","Treino Abdomem Empedrado.md","busca","https://www.youtube.com/@laerciorefundini/search?query=eleva%C3%A7%C3%A3o%20quadril%20abd%C3%B4men%20infra","https://www.youtube.com/watch?v=_Zeku5F7IX8","","Como Fazer Abdominal EM CASA Para Definir o Abdômen! (GUIA MAIS DETALHADO)","media"
"abdominal-cabo","Abdominal no Cabo","core","nao","moderna","drop-set","Treino Abdomem Empedrado.md","busca","https://www.youtube.com/@laerciorefundini/search?query=abdominal%20cabo%20polia%20alta","https://www.youtube.com/watch?v=G8EjhDhBLSA","","APRENDA ABDOMINAL AVANÇADO","media"
"elevacao-pernas-barra","Elevação de Pernas na Barra","core","nao","ambos","excentrica-lenta","Treino Abdomem Empedrado.md","busca","https://www.youtube.com/@laerciorefundini/search?query=eleva%C3%A7%C3%A3o%20pernas%20barra%20suspensa","https://www.youtube.com/watch?v=G8EjhDhBLSA","","APRENDA ABDOMINAL AVANÇADO","media"
"russian-twist-halter","Russian Twist com Halter","core","nao","ambos","rest-pause","Treino Abdomem Empedrado.md","busca","https://www.youtube.com/@laerciorefundini/search?query=russian%20twist%20halter%20abd%C3%B4men%20obl%C3%ADquo","","","","sem-video"
"rosca-punho-halter","Rosca de Punho com Halter","antebraco","nao","ambos","rest-pause","Treino Antebraço Marreta.md","busca","https://www.youtube.com/@laerciorefundini/search?query=rosca%20punho%20halter%20antebra%C3%A7o","https://www.youtube.com/watch?v=KBSPoICoA_Q","","4 EXERCÍCIOS OBRIGATÓRIOS PARA SEU TREINO DE ANTEBRAÇO","media"
"rosca-punho-inversa","Rosca de Punho Inversa","antebraco","nao","ambos","drop-set","Treino Antebraço Marreta.md","busca","https://www.youtube.com/@laerciorefundini/search?query=rosca%20punho%20inversa%20antebra%C3%A7o","https://www.youtube.com/watch?v=KBSPoICoA_Q","","4 EXERCÍCIOS OBRIGATÓRIOS PARA SEU TREINO DE ANTEBRAÇO","media"
"rosca-inversa-halter","Rosca Inversa com Halteres","antebraco","nao","ambos","excentrica-lenta","Treino Antebraço Marreta.md","busca","https://www.youtube.com/@laerciorefundini/search?query=rosca%20inversa%20halter%20antebra%C3%A7o","https://www.youtube.com/watch?v=RqeLliN-2Zo","","Treino de Antebraço: O Treino DEFINITIVO Para Crescer o Antebraço RÁPIDO","media"
"farmer-walk","Farmer Walk (Caminhada Pesada)","antebraco","sim","ambos","isometria","Treino Antebraço Marreta.md","busca","https://www.youtube.com/@laerciorefundini/search?query=farmer%20walk%20caminhada%20antebra%C3%A7o%20grip","https://www.youtube.com/watch?v=BKVc8IyB3Dg","","Treino de ANTEBRAÇO Completo (Baseado Em Ciência)","media"
"encolhimento-halter","Encolhimento com Halteres","trapezio","nao","ambos","isometria","Treino Trapézio na Orelha.md","busca","https://www.youtube.com/@laerciorefundini/search?query=encolhimento%20halteres%20trap%C3%A9zio","https://www.youtube.com/watch?v=_vKcoDlMJQk","","Treino de TRAPÉZIO COMPLETO (Baseado em Ciência)","media"
"encolhimento-barra-trapezio","Encolhimento com Barra","trapezio","nao","raiz","rest-pause","Treino Trapézio na Orelha.md","busca","https://www.youtube.com/@laerciorefundini/search?query=encolhimento%20barra%20trap%C3%A9zio","https://www.youtube.com/watch?v=ctfW9AzuFH0","","TOP 3 MELHORES EXERCÍCIOS PRA TREINO DE TRAPÉZIO","media"
"remada-alta-trapezio","Remada Alta para Trapézio","trapezio","sim","ambos","drop-set","Treino Trapézio na Orelha.md","busca","https://www.youtube.com/@laerciorefundini/search?query=remada%20alta%20trap%C3%A9zio%20halteres","https://www.youtube.com/watch?v=BIs9i-qNGU0","","REMADA ALTA. FAZER OU NÃO FAZER?","media"
"encolhimento-cabo","Encolhimento no Cabo","trapezio","nao","moderna","parciais","Treino Trapézio na Orelha.md","busca","https://www.youtube.com/@laerciorefundini/search?query=encolhimento%20cabo%20trap%C3%A9zio","https://www.youtube.com/watch?v=ahRe2S9HDdM","","5 Melhores Exercícios Para Ter TRAPÉZIOS GRANDES","media"
